{"cameraMode":{"drawMode":0,"name":"Shaded","section":"Shading Mode"},"sceneLighting":false,"audioPlay":false,"sceneViewState":{"showFog":true,"showMaterialUpdate":false,"showSkybox":false,"showFlares":true,"showImageEffects":true,"showParticleSystems":true,"showVisualEffectGraphs":true,"m_FxEnabled":true},"in2DMode":false,"pivot":{"x":-1.070061445236206,"y":0.19354820251464845,"z":-32.5822868347168},"rotation":{"x":0.14377126097679139,"y":-0.023441890254616739,"z":0.003403131617233157,"w":0.9893410205841065},"size":2.865601062774658,"orthographic":false}