{"cameraMode":{"drawMode":0,"name":"Shaded","section":"Shading Mode"},"sceneLighting":false,"audioPlay":false,"sceneViewState":{"showFog":true,"showMaterialUpdate":false,"showSkybox":false,"showFlares":true,"showImageEffects":true,"showParticleSystems":true,"showVisualEffectGraphs":true,"m_FxEnabled":true},"in2DMode":false,"pivot":{"x":10.681129455566407,"y":4.079198360443115,"z":-8.145813941955567},"rotation":{"x":-0.011660782620310784,"y":0.07074811309576035,"z":0.0008265224751085043,"w":0.9974358081817627},"size":0.7176349759101868,"orthographic":false}